{
  "project_info": {
    "project_number": "563079521280",
    "firebase_url": "https://smart-air-61888-default-rtdb.firebaseio.com",
    "project_id": "smart-air-61888",
    "storage_bucket": "smart-air-61888.firebasestorage.app"
  },
  "client": [
    {
      "client_info": {
        "mobilesdk_app_id": "1:563079521280:android:3115acd01e2b662bcda4e5",
        "android_client_info": {
          "package_name": "com.example.smartair"
        }
      },
      "oauth_client": [],
      "api_key": [
        {
          "current_key": "AIzaSyAJ0mrf0ijZ8ZdGBimh530lRIITKUhItfU"
        }
      ],
      "services": {
        "appinvite_service": {
          "other_platform_oauth_client": []
        }
      }
    }
  ],
  "configuration_version": "1"
}